-- Note: if domain model or structural mapping change, this sql script might be broken.
-- Just quick temporary solution. There should have UI to CRUD the user.

INSERT INTO USERS(ID, USERNAME, PASSWORD, ENABLED) VALUES(1, 'victor', '$2a$10$trT3.R/Nfey62eczbKEnueTcIbJXW.u1ffAo/XfyLpofwNDbEB86O', 1);
INSERT INTO USERS(ID, USERNAME, PASSWORD, ENABLED) VALUES(2, 'regina', '$2a$10$trT3.R/Nfey62eczbKEnueTcIbJXW.u1ffAo/XfyLpofwNDbEB86O', 1);
INSERT INTO USERS(ID, USERNAME, PASSWORD, ENABLED) VALUES(3, 'alex', '$2a$10$trT3.R/Nfey62eczbKEnueTcIbJXW.u1ffAo/XfyLpofwNDbEB86O', 1);
INSERT INTO USERS(ID, USERNAME, PASSWORD, ENABLED) VALUES(4, 'eman', '$2a$10$trT3.R/Nfey62eczbKEnueTcIbJXW.u1ffAo/XfyLpofwNDbEB86O', 1);
INSERT INTO USERS(ID, USERNAME, PASSWORD, ENABLED) VALUES(5, 'bob', '$2a$10$trT3.R/Nfey62eczbKEnueTcIbJXW.u1ffAo/XfyLpofwNDbEB86O', 1);
INSERT INTO USERS(ID, USERNAME, PASSWORD, ENABLED) VALUES(6, 'nick', '$2a$10$trT3.R/Nfey62eczbKEnueTcIbJXW.u1ffAo/XfyLpofwNDbEB86O', 1);

INSERT INTO STUDENTS(ID, STUDENTNUMBER) VALUES(1, 888999);
INSERT INTO STUDENTS(ID, STUDENTNUMBER) VALUES(2, 111333);
INSERT INTO STAFFS(ID, STAFFNUMBER) VALUES(3, 454545);
INSERT INTO STAFFS(ID, STAFFNUMBER) VALUES(4, 787878);
INSERT INTO STAFFS(ID, STAFFNUMBER) VALUES(5, 363636);
INSERT INTO STAFFS(ID, STAFFNUMBER) VALUES(6, 852369);

INSERT INTO ROLES(ID, NAME) VALUES(1, 'ROLE_ADMIN');
INSERT INTO ROLES(ID, NAME) VALUES(2, 'ROLE_LECTURER');
INSERT INTO ROLES(ID, NAME) VALUES(3, 'ROLE_STUDENT');

INSERT INTO ROLES_USERS(ROLES_ID, USERS_ID) VALUES(3, 1);
INSERT INTO ROLES_USERS(ROLES_ID, USERS_ID) VALUES(3, 2);
INSERT INTO ROLES_USERS(ROLES_ID, USERS_ID) VALUES(2, 3);
INSERT INTO ROLES_USERS(ROLES_ID, USERS_ID) VALUES(2, 4);
INSERT INTO ROLES_USERS(ROLES_ID, USERS_ID) VALUES(1, 5);
INSERT INTO ROLES_USERS(ROLES_ID, USERS_ID) VALUES(1, 6);

